Frame,VehicleCount,TrafficLevel
1,7,Medium
2,8,Medium
3,8,Medium
4,7,Medium
5,7,Medium
6,6,Medium
7,7,Medium
8,7,Medium
9,8,Medium
10,9,Medium
11,9,Medium
12,9,Medium
13,9,Medium
14,8,Medium
15,9,Medium
16,8,Medium
17,9,Medium
18,7,Medium
19,7,Medium
20,7,Medium
21,8,Medium
22,6,Medium
23,8,Medium
24,6,Medium
25,8,Medium
26,9,Medium
27,10,Medium
28,9,Medium
29,9,Medium
30,9,Medium
31,9,Medium
32,9,Medium
33,6,Medium
34,7,Medium
35,8,Medium
36,9,Medium
37,9,Medium
38,9,Medium
39,9,Medium
40,9,Medium
41,9,Medium
42,8,Medium
43,9,Medium
44,7,Medium
45,7,Medium
46,8,Medium
47,8,Medium
48,8,Medium
49,8,Medium
50,8,Medium
51,8,Medium
52,9,Medium
53,9,Medium
54,8,Medium
55,9,Medium
56,8,Medium
57,9,Medium
58,9,Medium
59,10,Medium
60,8,Medium
61,7,Medium
62,8,Medium
63,8,Medium
64,7,Medium
65,9,Medium
66,9,Medium
67,9,Medium
68,9,Medium
69,9,Medium
70,9,Medium
71,9,Medium
72,9,Medium
73,8,Medium
74,9,Medium
75,9,Medium
76,9,Medium
77,9,Medium
78,9,Medium
79,9,Medium
80,9,Medium
81,9,Medium
82,9,Medium
83,9,Medium
84,9,Medium
85,9,Medium
86,9,Medium
87,8,Medium
88,8,Medium
89,8,Medium
90,8,Medium
91,9,Medium
92,8,Medium
93,9,Medium
94,9,Medium
95,9,Medium
96,9,Medium
97,9,Medium
98,8,Medium
99,8,Medium
100,8,Medium
101,8,Medium
102,8,Medium
103,8,Medium
104,8,Medium
105,8,Medium
106,7,Medium
107,8,Medium
108,7,Medium
109,7,Medium
110,8,Medium
111,8,Medium
112,8,Medium
113,8,Medium
114,6,Medium
115,6,Medium
116,6,Medium
117,7,Medium
118,8,Medium
119,8,Medium
120,9,Medium
121,9,Medium
122,9,Medium
123,8,Medium
124,8,Medium
125,7,Medium
126,6,Medium
127,6,Medium
128,6,Medium
129,5,Low
130,5,Low
131,5,Low
132,5,Low
133,6,Medium
134,6,Medium
135,5,Low
136,7,Medium
137,5,Low
138,7,Medium
139,7,Medium
140,6,Medium
141,6,Medium
142,6,Medium
143,6,Medium
144,6,Medium
145,5,Low
146,5,Low
147,6,Medium
148,5,Low
149,6,Medium
150,5,Low
151,5,Low
152,6,Medium
153,6,Medium
154,6,Medium
155,5,Low
156,4,Low
157,6,Medium
158,6,Medium
159,7,Medium
160,5,Low
161,6,Medium
162,7,Medium
163,6,Medium
164,6,Medium
165,5,Low
166,5,Low
167,5,Low
168,4,Low
169,6,Medium
170,7,Medium
171,8,Medium
172,8,Medium
173,8,Medium
174,7,Medium
175,7,Medium
176,7,Medium
177,6,Medium
178,7,Medium
179,6,Medium
180,8,Medium
181,8,Medium
182,8,Medium
183,7,Medium
184,8,Medium
185,7,Medium
186,8,Medium
187,8,Medium
188,8,Medium
189,7,Medium
190,7,Medium
191,9,Medium
192,9,Medium
193,8,Medium
194,6,Medium
195,7,Medium
196,7,Medium
197,6,Medium
198,6,Medium
199,8,Medium
200,8,Medium
201,8,Medium
202,8,Medium
203,8,Medium
204,7,Medium
205,6,Medium
206,7,Medium
207,7,Medium
208,8,Medium
209,8,Medium
210,9,Medium
211,8,Medium
212,10,Medium
213,9,Medium
214,9,Medium
215,8,Medium
216,8,Medium
217,9,Medium
218,9,Medium
219,9,Medium
220,9,Medium
221,9,Medium
222,10,Medium
223,9,Medium
224,9,Medium
225,9,Medium
226,9,Medium
227,10,Medium
228,9,Medium
229,9,Medium
230,8,Medium
231,9,Medium
232,9,Medium
233,11,Medium
234,11,Medium
235,10,Medium
236,10,Medium
237,10,Medium
238,10,Medium
239,11,Medium
240,11,Medium
241,10,Medium
242,9,Medium
243,9,Medium
244,10,Medium
245,10,Medium
246,9,Medium
247,10,Medium
248,10,Medium
249,10,Medium
250,8,Medium
251,8,Medium
252,10,Medium
253,10,Medium
254,10,Medium
255,10,Medium
256,9,Medium
257,9,Medium
258,9,Medium
259,10,Medium
260,9,Medium
261,10,Medium
262,10,Medium
263,9,Medium
264,9,Medium
265,10,Medium
266,9,Medium
267,9,Medium
268,9,Medium
269,9,Medium
270,9,Medium
271,9,Medium
272,10,Medium
273,10,Medium
274,9,Medium
275,9,Medium
276,9,Medium
277,9,Medium
278,9,Medium
279,8,Medium
280,9,Medium
281,8,Medium
282,9,Medium
283,8,Medium
284,9,Medium
285,10,Medium
286,8,Medium
287,10,Medium
288,8,Medium
289,8,Medium
290,8,Medium
291,10,Medium
292,9,Medium
293,8,Medium
294,8,Medium
295,8,Medium
296,8,Medium
297,8,Medium
298,8,Medium
299,8,Medium
300,8,Medium
301,8,Medium
302,9,Medium
303,8,Medium
304,8,Medium
305,8,Medium
306,8,Medium
307,8,Medium
308,9,Medium
309,8,Medium
310,8,Medium
311,8,Medium
312,8,Medium
313,9,Medium
314,9,Medium
315,8,Medium
316,8,Medium
317,8,Medium
318,7,Medium
319,7,Medium
320,7,Medium
321,7,Medium
322,7,Medium
323,7,Medium
324,7,Medium
325,7,Medium
326,7,Medium
327,7,Medium
328,7,Medium
329,7,Medium
330,8,Medium
331,8,Medium
332,8,Medium
333,6,Medium
334,9,Medium
335,9,Medium
336,10,Medium
337,10,Medium
338,9,Medium
339,9,Medium
340,9,Medium
341,10,Medium
342,9,Medium
343,10,Medium
344,10,Medium
345,9,Medium
346,10,Medium
347,10,Medium
348,9,Medium
349,8,Medium
350,8,Medium
351,8,Medium
352,8,Medium
353,9,Medium
354,9,Medium
355,8,Medium
356,8,Medium
357,8,Medium
358,8,Medium
359,8,Medium
360,9,Medium
361,10,Medium
362,9,Medium
363,9,Medium
364,10,Medium
365,11,Medium
366,10,Medium
367,10,Medium
368,10,Medium
369,11,Medium
370,11,Medium
371,10,Medium
372,9,Medium
373,8,Medium
374,8,Medium
375,8,Medium
376,7,Medium
377,7,Medium
378,7,Medium
379,7,Medium
380,7,Medium
381,7,Medium
382,7,Medium
383,7,Medium
384,7,Medium
385,7,Medium
386,7,Medium
387,8,Medium
388,9,Medium
389,10,Medium
390,11,Medium
391,9,Medium
392,9,Medium
393,9,Medium
394,9,Medium
395,8,Medium
396,6,Medium
397,7,Medium
398,8,Medium
399,6,Medium
400,7,Medium
401,6,Medium
402,8,Medium
403,7,Medium
404,7,Medium
405,7,Medium
406,7,Medium
407,7,Medium
408,7,Medium
409,7,Medium
410,7,Medium
411,8,Medium
412,6,Medium
413,7,Medium
414,6,Medium
415,7,Medium
416,8,Medium
417,8,Medium
418,8,Medium
419,7,Medium
420,7,Medium
421,7,Medium
422,7,Medium
423,6,Medium
424,6,Medium
425,6,Medium
426,6,Medium
427,5,Low
428,6,Medium
429,5,Low
430,5,Low
431,7,Medium
432,6,Medium
433,7,Medium
434,7,Medium
435,7,Medium
436,6,Medium
437,6,Medium
438,6,Medium
439,7,Medium
440,8,Medium
441,6,Medium
442,7,Medium
443,5,Low
444,7,Medium
445,6,Medium
446,6,Medium
447,6,Medium
448,7,Medium
449,7,Medium
450,9,Medium
451,8,Medium
452,8,Medium
453,7,Medium
454,8,Medium
455,8,Medium
456,9,Medium
457,8,Medium
458,8,Medium
459,9,Medium
460,8,Medium
461,9,Medium
462,6,Medium
463,9,Medium
464,6,Medium
465,7,Medium
466,11,Medium
467,11,Medium
468,11,Medium
469,11,Medium
470,11,Medium
471,11,Medium
472,10,Medium
473,10,Medium
474,12,Medium
475,12,Medium
476,11,Medium
477,11,Medium
478,11,Medium
479,11,Medium
480,12,Medium
481,11,Medium
482,13,High
483,10,Medium
484,9,Medium
485,10,Medium
486,9,Medium
487,8,Medium
488,8,Medium
489,7,Medium
490,9,Medium
491,9,Medium
492,10,Medium
493,8,Medium
494,8,Medium
495,9,Medium
496,9,Medium
497,8,Medium
498,8,Medium
499,8,Medium
500,8,Medium
501,9,Medium
502,9,Medium
503,9,Medium
504,8,Medium
505,8,Medium
506,8,Medium
507,9,Medium
508,11,Medium
509,11,Medium
510,10,Medium
511,10,Medium
512,10,Medium
513,10,Medium
514,11,Medium
515,11,Medium
516,9,Medium
517,10,Medium
518,10,Medium
519,10,Medium
520,10,Medium
521,9,Medium
522,10,Medium
523,8,Medium
524,8,Medium
525,8,Medium
526,6,Medium
527,7,Medium
528,7,Medium
529,8,Medium
530,8,Medium
531,10,Medium
532,9,Medium
533,10,Medium
534,10,Medium
535,11,Medium
536,12,Medium
537,11,Medium
538,13,High
539,11,Medium
540,10,Medium
541,10,Medium
542,10,Medium
543,10,Medium
544,10,Medium
545,11,Medium
546,10,Medium
547,11,Medium
548,12,Medium
549,12,Medium
550,11,Medium
551,10,Medium
552,10,Medium
553,10,Medium
554,9,Medium
555,10,Medium
556,11,Medium
557,10,Medium
558,9,Medium
559,9,Medium
560,10,Medium
561,9,Medium
562,7,Medium
563,9,Medium
564,8,Medium
565,11,Medium
566,12,Medium
567,11,Medium
568,11,Medium
569,11,Medium
570,9,Medium
571,10,Medium
572,10,Medium
573,11,Medium
574,10,Medium
575,11,Medium
576,10,Medium
577,9,Medium
578,9,Medium
579,9,Medium
580,9,Medium
581,10,Medium
582,8,Medium
583,9,Medium
584,9,Medium
585,10,Medium
586,9,Medium
587,8,Medium
588,7,Medium
589,8,Medium
590,10,Medium
591,10,Medium
592,10,Medium
593,9,Medium
594,10,Medium
595,9,Medium
596,9,Medium
597,8,Medium
598,10,Medium
599,9,Medium
600,7,Medium
601,8,Medium
602,9,Medium
603,7,Medium
604,7,Medium
605,8,Medium
606,8,Medium
607,8,Medium
608,9,Medium
609,9,Medium
610,9,Medium
611,9,Medium
612,9,Medium
613,9,Medium
614,8,Medium
615,8,Medium
616,9,Medium
617,9,Medium
618,10,Medium
619,10,Medium
620,9,Medium
621,8,Medium
622,9,Medium
623,8,Medium
624,8,Medium
625,8,Medium
626,9,Medium
627,10,Medium
628,8,Medium
629,8,Medium
630,8,Medium
631,8,Medium
632,9,Medium
633,7,Medium
634,8,Medium
635,8,Medium
636,8,Medium
637,8,Medium
638,8,Medium
639,8,Medium
640,8,Medium
641,8,Medium
642,8,Medium
643,8,Medium
644,9,Medium
645,7,Medium
646,7,Medium
647,7,Medium
648,7,Medium
649,6,Medium
650,7,Medium
651,8,Medium
652,8,Medium
653,7,Medium
654,7,Medium
655,8,Medium
656,8,Medium
657,9,Medium
658,8,Medium
659,10,Medium
660,9,Medium
661,9,Medium
662,7,Medium
663,7,Medium
664,7,Medium
665,8,Medium
666,7,Medium
667,7,Medium
668,9,Medium
669,8,Medium
670,9,Medium
671,10,Medium
672,11,Medium
673,10,Medium
674,10,Medium
675,11,Medium
676,11,Medium
677,9,Medium
678,9,Medium
679,9,Medium
680,9,Medium
681,7,Medium
682,8,Medium
683,8,Medium
684,8,Medium
685,8,Medium
686,8,Medium
687,9,Medium
688,8,Medium
689,8,Medium
690,8,Medium
691,9,Medium
692,8,Medium
693,6,Medium
694,8,Medium
695,6,Medium
696,5,Low
697,5,Low
698,4,Low
699,5,Low
700,4,Low
701,5,Low
702,6,Medium
703,6,Medium
704,6,Medium
705,6,Medium
706,6,Medium
707,6,Medium
708,7,Medium
709,9,Medium
710,9,Medium
711,7,Medium
712,6,Medium
713,8,Medium
714,7,Medium
715,7,Medium
716,7,Medium
717,7,Medium
718,9,Medium
719,10,Medium
720,7,Medium
721,7,Medium
722,7,Medium
723,7,Medium
724,8,Medium
725,7,Medium
726,7,Medium
727,7,Medium
728,6,Medium
729,6,Medium
730,6,Medium
731,6,Medium
732,7,Medium
733,8,Medium
734,7,Medium
735,6,Medium
736,5,Low
737,5,Low
738,6,Medium
739,6,Medium
740,6,Medium
741,6,Medium
742,6,Medium
743,6,Medium
744,6,Medium
745,7,Medium
746,6,Medium
747,6,Medium
748,7,Medium
749,8,Medium
750,7,Medium
751,8,Medium
752,9,Medium
753,8,Medium
754,7,Medium
755,8,Medium
756,9,Medium
757,9,Medium
758,9,Medium
759,9,Medium
760,8,Medium
761,9,Medium
762,9,Medium
763,9,Medium
764,9,Medium
765,8,Medium
766,8,Medium
767,7,Medium
768,7,Medium
769,7,Medium
770,8,Medium
771,6,Medium
772,6,Medium
773,6,Medium
774,5,Low
775,5,Low
776,7,Medium
777,6,Medium
778,6,Medium
779,8,Medium
780,7,Medium
781,8,Medium
782,7,Medium
783,7,Medium
784,7,Medium
785,7,Medium
786,6,Medium
787,6,Medium
788,6,Medium
789,7,Medium
790,6,Medium
791,5,Low
792,6,Medium
793,5,Low
794,5,Low
795,5,Low
796,5,Low
797,5,Low
798,5,Low
799,4,Low
800,4,Low
801,5,Low
802,4,Low
803,5,Low
804,7,Medium
805,7,Medium
806,7,Medium
807,7,Medium
808,8,Medium
809,8,Medium
810,8,Medium
811,9,Medium
812,9,Medium
813,8,Medium
814,6,Medium
815,6,Medium
816,6,Medium
817,7,Medium
818,8,Medium
819,8,Medium
820,8,Medium
821,8,Medium
822,9,Medium
823,8,Medium
824,8,Medium
825,8,Medium
826,9,Medium
827,9,Medium
828,9,Medium
829,8,Medium
830,7,Medium
831,7,Medium
832,8,Medium
833,8,Medium
834,8,Medium
835,9,Medium
836,8,Medium
837,9,Medium
838,9,Medium
839,9,Medium
840,8,Medium
841,7,Medium
842,7,Medium
843,8,Medium
844,7,Medium
845,7,Medium
846,7,Medium
847,9,Medium
848,8,Medium
849,9,Medium
850,10,Medium
851,9,Medium
852,10,Medium
853,10,Medium
854,10,Medium
855,8,Medium
856,8,Medium
857,8,Medium
858,8,Medium
859,8,Medium
860,8,Medium
861,8,Medium
862,8,Medium
863,8,Medium
864,9,Medium
865,9,Medium
866,9,Medium
867,8,Medium
868,8,Medium
869,7,Medium
870,8,Medium
871,10,Medium
872,10,Medium
873,10,Medium
874,11,Medium
875,11,Medium
876,10,Medium
877,11,Medium
878,10,Medium
879,10,Medium
880,8,Medium
881,8,Medium
882,10,Medium
883,10,Medium
884,9,Medium
885,10,Medium
886,9,Medium
887,9,Medium
888,10,Medium
889,10,Medium
890,8,Medium
891,10,Medium
892,10,Medium
893,9,Medium
894,10,Medium
895,11,Medium
896,10,Medium
897,11,Medium
898,12,Medium
899,11,Medium
900,11,Medium
901,11,Medium
902,10,Medium
903,11,Medium
904,10,Medium
905,9,Medium
906,9,Medium
907,9,Medium
908,9,Medium
909,8,Medium
910,8,Medium
911,9,Medium
912,9,Medium
913,7,Medium
914,7,Medium
915,8,Medium
916,9,Medium
917,8,Medium
918,8,Medium
919,9,Medium
920,9,Medium
921,9,Medium
922,10,Medium
923,9,Medium
924,9,Medium
925,10,Medium
926,11,Medium
927,10,Medium
928,10,Medium
929,11,Medium
930,10,Medium
931,10,Medium
932,10,Medium
933,10,Medium
934,11,Medium
935,10,Medium
936,10,Medium
937,11,Medium
938,11,Medium
939,11,Medium
940,10,Medium
941,11,Medium
942,11,Medium
943,12,Medium
944,10,Medium
945,11,Medium
946,11,Medium
947,11,Medium
948,11,Medium
949,9,Medium
950,10,Medium
951,11,Medium
952,11,Medium
953,12,Medium
954,10,Medium
955,10,Medium
956,10,Medium
957,9,Medium
958,9,Medium
959,9,Medium
960,10,Medium
961,10,Medium
962,10,Medium
963,10,Medium
964,10,Medium
965,9,Medium
966,8,Medium
967,8,Medium
968,8,Medium
969,8,Medium
970,9,Medium
971,9,Medium
972,9,Medium
973,8,Medium
974,8,Medium
975,8,Medium
976,8,Medium
977,8,Medium
978,10,Medium
979,10,Medium
980,8,Medium
981,9,Medium
982,9,Medium
983,8,Medium
984,7,Medium
985,8,Medium
986,9,Medium
987,9,Medium
988,10,Medium
989,9,Medium
990,10,Medium
991,9,Medium
992,9,Medium
993,9,Medium
994,8,Medium
995,8,Medium
996,8,Medium
997,8,Medium
998,8,Medium
999,9,Medium
1000,10,Medium
1001,9,Medium
1002,8,Medium
1003,8,Medium
1004,8,Medium
1005,8,Medium
1006,10,Medium
1007,10,Medium
1008,12,Medium
1009,11,Medium
1010,12,Medium
1011,12,Medium
1012,12,Medium
1013,12,Medium
1014,12,Medium
1015,12,Medium
1016,12,Medium
1017,11,Medium
1018,12,Medium
1019,12,Medium
1020,11,Medium
1021,10,Medium
1022,10,Medium
1023,9,Medium
1024,11,Medium
1025,10,Medium
1026,9,Medium
1027,10,Medium
1028,9,Medium
1029,11,Medium
1030,11,Medium
1031,11,Medium
1032,11,Medium
1033,11,Medium
1034,10,Medium
1035,10,Medium
1036,10,Medium
1037,10,Medium
1038,10,Medium
1039,10,Medium
1040,10,Medium
1041,10,Medium
1042,10,Medium
1043,9,Medium
1044,10,Medium
1045,10,Medium
1046,10,Medium
1047,10,Medium
1048,10,Medium
1049,10,Medium
1050,10,Medium
1051,7,Medium
1052,7,Medium
1053,7,Medium
1054,8,Medium
1055,8,Medium
1056,8,Medium
1057,8,Medium
1058,8,Medium
1059,8,Medium
1060,9,Medium
1061,9,Medium
1062,8,Medium
1063,8,Medium
1064,9,Medium
1065,8,Medium
1066,8,Medium
1067,8,Medium
1068,8,Medium
1069,9,Medium
1070,9,Medium
1071,8,Medium
1072,7,Medium
1073,8,Medium
1074,8,Medium
1075,9,Medium
1076,8,Medium
1077,7,Medium
1078,7,Medium
1079,7,Medium
1080,7,Medium
1081,7,Medium
1082,7,Medium
1083,7,Medium
1084,9,Medium
1085,9,Medium
1086,8,Medium
1087,9,Medium
1088,9,Medium
1089,10,Medium
1090,10,Medium
1091,10,Medium
1092,10,Medium
1093,10,Medium
1094,10,Medium
1095,8,Medium
1096,10,Medium
1097,9,Medium
1098,9,Medium
1099,9,Medium
1100,9,Medium
1101,9,Medium
1102,8,Medium
1103,8,Medium
1104,8,Medium
1105,8,Medium
1106,8,Medium
1107,8,Medium
1108,8,Medium
1109,8,Medium
1110,9,Medium
1111,10,Medium
1112,10,Medium
1113,8,Medium
1114,9,Medium
1115,8,Medium
1116,8,Medium
1117,8,Medium
1118,8,Medium
1119,8,Medium
1120,8,Medium
1121,7,Medium
1122,7,Medium
1123,7,Medium
1124,8,Medium
1125,8,Medium
1126,10,Medium
1127,10,Medium
1128,10,Medium
1129,9,Medium
1130,9,Medium
1131,9,Medium
1132,7,Medium
1133,7,Medium
1134,7,Medium
1135,7,Medium
1136,8,Medium
1137,7,Medium
1138,7,Medium
1139,7,Medium
1140,7,Medium
1141,8,Medium
1142,8,Medium
1143,8,Medium
1144,8,Medium
1145,8,Medium
1146,8,Medium
1147,8,Medium
1148,8,Medium
1149,8,Medium
1150,7,Medium
1151,9,Medium
1152,9,Medium
1153,9,Medium
1154,10,Medium
1155,8,Medium
1156,9,Medium
1157,8,Medium
1158,8,Medium
1159,9,Medium
1160,8,Medium
1161,8,Medium
1162,8,Medium
1163,7,Medium
1164,7,Medium
1165,7,Medium
1166,8,Medium
1167,7,Medium
1168,7,Medium
1169,7,Medium
1170,7,Medium
1171,7,Medium
1172,7,Medium
1173,7,Medium
1174,8,Medium
1175,7,Medium
1176,7,Medium
1177,7,Medium
1178,7,Medium
1179,7,Medium
1180,7,Medium
1181,7,Medium
1182,7,Medium
1183,7,Medium
1184,8,Medium
1185,8,Medium
1186,9,Medium
1187,9,Medium
1188,11,Medium
1189,9,Medium
1190,10,Medium
1191,9,Medium
1192,9,Medium
1193,10,Medium
1194,10,Medium
1195,9,Medium
1196,8,Medium
1197,8,Medium
1198,8,Medium
1199,8,Medium
1200,10,Medium
1201,9,Medium
1202,9,Medium
1203,9,Medium
1204,9,Medium
1205,8,Medium
1206,9,Medium
1207,9,Medium
1208,8,Medium
1209,8,Medium
1210,8,Medium
1211,8,Medium
1212,10,Medium
1213,9,Medium
1214,9,Medium
1215,9,Medium
1216,9,Medium
1217,9,Medium
1218,9,Medium
1219,8,Medium
1220,8,Medium
1221,9,Medium
1222,7,Medium
1223,7,Medium
1224,8,Medium
1225,6,Medium
1226,9,Medium
1227,6,Medium
1228,7,Medium
1229,8,Medium
1230,8,Medium
1231,8,Medium
1232,8,Medium
1233,8,Medium
1234,8,Medium
1235,8,Medium
1236,9,Medium
1237,8,Medium
1238,8,Medium
1239,8,Medium
1240,8,Medium
1241,8,Medium
1242,7,Medium
1243,8,Medium
1244,8,Medium
1245,8,Medium
1246,8,Medium
1247,8,Medium
1248,8,Medium
1249,8,Medium
1250,6,Medium
1251,7,Medium
1252,7,Medium
1253,7,Medium
1254,7,Medium
1255,8,Medium
1256,8,Medium
1257,8,Medium
1258,7,Medium
1259,8,Medium
1260,9,Medium
1261,8,Medium
1262,9,Medium
1263,8,Medium
1264,7,Medium
1265,6,Medium
1266,8,Medium
1267,8,Medium
1268,8,Medium
1269,8,Medium
1270,8,Medium
1271,9,Medium
1272,9,Medium
1273,9,Medium
1274,8,Medium
1275,9,Medium
1276,9,Medium
1277,8,Medium
1278,8,Medium
1279,6,Medium
1280,7,Medium
1281,8,Medium
1282,7,Medium
1283,8,Medium
1284,8,Medium
1285,8,Medium
1286,8,Medium
1287,8,Medium
1288,9,Medium
1289,11,Medium
1290,10,Medium
1291,10,Medium
1292,10,Medium
1293,10,Medium
1294,10,Medium
1295,10,Medium
1296,10,Medium
1297,10,Medium
1298,9,Medium
1299,10,Medium
1300,9,Medium
1301,9,Medium
1302,11,Medium
1303,11,Medium
1304,10,Medium
1305,10,Medium
1306,10,Medium
1307,11,Medium
1308,9,Medium
1309,9,Medium
1310,9,Medium
1311,10,Medium
1312,12,Medium
1313,10,Medium
1314,10,Medium
1315,11,Medium
1316,11,Medium
1317,11,Medium
1318,11,Medium
1319,10,Medium
1320,10,Medium
1321,11,Medium
1322,10,Medium
1323,9,Medium
1324,9,Medium
1325,10,Medium
1326,10,Medium
1327,9,Medium
1328,10,Medium
1329,10,Medium
1330,10,Medium
1331,10,Medium
1332,10,Medium
1333,10,Medium
1334,10,Medium
1335,9,Medium
1336,8,Medium
1337,7,Medium
1338,7,Medium
1339,7,Medium
1340,7,Medium
1341,8,Medium
1342,8,Medium
1343,7,Medium
1344,7,Medium
1345,7,Medium
1346,7,Medium
1347,8,Medium
1348,8,Medium
1349,8,Medium
1350,8,Medium
1351,8,Medium
1352,8,Medium
1353,8,Medium
1354,8,Medium
1355,8,Medium
1356,8,Medium
1357,8,Medium
1358,8,Medium
1359,9,Medium
1360,9,Medium
1361,10,Medium
1362,10,Medium
1363,8,Medium
1364,9,Medium
1365,9,Medium
1366,9,Medium
1367,9,Medium
1368,8,Medium
1369,9,Medium
1370,9,Medium
1371,9,Medium
1372,9,Medium
1373,9,Medium
1374,8,Medium
1375,9,Medium
1376,9,Medium
1377,9,Medium
1378,9,Medium
1379,9,Medium
1380,9,Medium
1381,9,Medium
1382,9,Medium
1383,10,Medium
1384,10,Medium
1385,9,Medium
1386,9,Medium
1387,8,Medium
1388,11,Medium
1389,9,Medium
1390,9,Medium
1391,9,Medium
1392,8,Medium
1393,8,Medium
1394,9,Medium
1395,8,Medium
1396,8,Medium
1397,8,Medium
1398,9,Medium
1399,9,Medium
1400,8,Medium
1401,8,Medium
1402,8,Medium
1403,8,Medium
1404,9,Medium
1405,7,Medium
1406,9,Medium
1407,10,Medium
1408,9,Medium
1409,8,Medium
1410,8,Medium
1411,8,Medium
1412,9,Medium
1413,9,Medium
1414,11,Medium
1415,10,Medium
1416,9,Medium
1417,10,Medium
1418,8,Medium
1419,9,Medium
1420,9,Medium
1421,8,Medium
1422,8,Medium
1423,9,Medium
1424,9,Medium
1425,9,Medium
1426,9,Medium
1427,9,Medium
1428,9,Medium
1429,7,Medium
1430,8,Medium
1431,9,Medium
1432,9,Medium
1433,9,Medium
1434,9,Medium
1435,9,Medium
1436,8,Medium
1437,8,Medium
1438,9,Medium
1439,9,Medium
1440,9,Medium
1441,10,Medium
1442,11,Medium
1443,10,Medium
1444,10,Medium
1445,11,Medium
1446,11,Medium
1447,10,Medium
1448,11,Medium
1449,11,Medium
1450,11,Medium
1451,12,Medium
1452,10,Medium
1453,10,Medium
1454,11,Medium
1455,11,Medium
1456,11,Medium
1457,9,Medium
1458,11,Medium
1459,11,Medium
1460,8,Medium
1461,8,Medium
1462,9,Medium
1463,8,Medium
1464,8,Medium
1465,9,Medium
1466,9,Medium
1467,10,Medium
1468,10,Medium
1469,9,Medium
1470,9,Medium
1471,9,Medium
1472,9,Medium
1473,9,Medium
1474,11,Medium
1475,10,Medium
1476,10,Medium
1477,11,Medium
1478,11,Medium
1479,10,Medium
1480,10,Medium
1481,10,Medium
1482,12,Medium
1483,11,Medium
1484,10,Medium
1485,8,Medium
1486,8,Medium
1487,8,Medium
1488,7,Medium
1489,9,Medium
1490,8,Medium
1491,7,Medium
1492,8,Medium
1493,7,Medium
1494,6,Medium
1495,6,Medium
1496,7,Medium
1497,6,Medium
1498,7,Medium
1499,7,Medium
1500,7,Medium
1501,8,Medium
1502,7,Medium
1503,7,Medium
1504,7,Medium
1505,7,Medium
1506,8,Medium
1507,8,Medium
1508,9,Medium
1509,8,Medium
1510,8,Medium
1511,9,Medium
1512,8,Medium
1513,8,Medium
1514,8,Medium
1515,8,Medium
1516,8,Medium
1517,7,Medium
1518,7,Medium
1519,7,Medium
1520,6,Medium
1521,5,Low
1522,7,Medium
1523,7,Medium
1524,7,Medium
1525,8,Medium
1526,7,Medium
1527,6,Medium
1528,7,Medium
1529,8,Medium
1530,8,Medium
1531,9,Medium
1532,9,Medium
1533,10,Medium
1534,9,Medium
1535,8,Medium
1536,9,Medium
1537,9,Medium
1538,9,Medium
1539,9,Medium
1540,9,Medium
1541,8,Medium
1542,8,Medium
1543,10,Medium
1544,9,Medium
1545,9,Medium
1546,10,Medium
1547,10,Medium
1548,11,Medium
1549,11,Medium
1550,9,Medium
1551,10,Medium
1552,9,Medium
1553,7,Medium
1554,9,Medium
1555,9,Medium
1556,9,Medium
1557,9,Medium
1558,9,Medium
1559,9,Medium
1560,11,Medium
1561,11,Medium
1562,10,Medium
1563,10,Medium
1564,12,Medium
1565,9,Medium
1566,9,Medium
1567,10,Medium
1568,10,Medium
1569,10,Medium
1570,10,Medium
1571,11,Medium
1572,10,Medium
1573,11,Medium
1574,12,Medium
1575,10,Medium
1576,11,Medium
1577,12,Medium
1578,12,Medium
1579,10,Medium
1580,10,Medium
1581,10,Medium
1582,12,Medium
1583,13,High
1584,11,Medium
1585,11,Medium
1586,11,Medium
1587,11,Medium
1588,11,Medium
1589,11,Medium
1590,11,Medium
1591,14,High
1592,11,Medium
1593,11,Medium
1594,12,Medium
1595,12,Medium
1596,12,Medium
1597,13,High
1598,11,Medium
1599,11,Medium
1600,11,Medium
1601,11,Medium
1602,11,Medium
1603,13,High
1604,12,Medium
1605,12,Medium
1606,10,Medium
1607,12,Medium
1608,11,Medium
1609,11,Medium
1610,10,Medium
1611,9,Medium
1612,9,Medium
1613,9,Medium
1614,10,Medium
1615,10,Medium
1616,11,Medium
1617,12,Medium
1618,13,High
1619,10,Medium
1620,12,Medium
1621,12,Medium
1622,9,Medium
1623,8,Medium
1624,9,Medium
1625,9,Medium
1626,10,Medium
1627,11,Medium
1628,11,Medium
1629,10,Medium
1630,11,Medium
1631,12,Medium
1632,12,Medium
1633,12,Medium
1634,11,Medium
1635,11,Medium
1636,10,Medium
1637,10,Medium
1638,10,Medium
1639,10,Medium
1640,11,Medium
1641,10,Medium
1642,12,Medium
1643,12,Medium
1644,11,Medium
1645,12,Medium
1646,10,Medium
1647,10,Medium
1648,9,Medium
1649,9,Medium
1650,10,Medium
1651,9,Medium
1652,11,Medium
1653,10,Medium
1654,10,Medium
1655,10,Medium
1656,10,Medium
1657,11,Medium
1658,10,Medium
1659,9,Medium
1660,11,Medium
1661,11,Medium
1662,11,Medium
1663,12,Medium
1664,9,Medium
1665,10,Medium
1666,11,Medium
1667,9,Medium
1668,10,Medium
1669,11,Medium
1670,10,Medium
1671,10,Medium
1672,10,Medium
1673,9,Medium
1674,11,Medium
1675,10,Medium
1676,8,Medium
1677,9,Medium
1678,7,Medium
1679,10,Medium
1680,8,Medium
1681,9,Medium
1682,8,Medium
1683,8,Medium
1684,8,Medium
1685,8,Medium
1686,9,Medium
1687,9,Medium
1688,11,Medium
1689,11,Medium
1690,9,Medium
1691,7,Medium
1692,8,Medium
1693,8,Medium
1694,8,Medium
1695,8,Medium
1696,8,Medium
1697,9,Medium
1698,9,Medium
1699,6,Medium
1700,11,Medium
1701,9,Medium
1702,11,Medium
1703,11,Medium
1704,10,Medium
1705,12,Medium
1706,11,Medium
1707,13,High
1708,14,High
1709,15,High
1710,13,High
1711,12,Medium
1712,11,Medium
1713,10,Medium
1714,12,Medium
1715,12,Medium
1716,11,Medium
1717,12,Medium
1718,10,Medium
1719,11,Medium
1720,11,Medium
1721,9,Medium
1722,11,Medium
1723,11,Medium
1724,13,High
1725,11,Medium
1726,11,Medium
1727,8,Medium
1728,11,Medium
1729,10,Medium
1730,7,Medium
1731,11,Medium
1732,11,Medium
1733,11,Medium
1734,10,Medium
1735,9,Medium
1736,11,Medium
1737,9,Medium
1738,8,Medium
1739,7,Medium
1740,8,Medium
1741,9,Medium
1742,8,Medium
1743,8,Medium
1744,7,Medium
1745,8,Medium
1746,6,Medium
1747,7,Medium
1748,7,Medium
1749,8,Medium
1750,9,Medium
1751,9,Medium
1752,9,Medium
1753,8,Medium
1754,8,Medium
1755,9,Medium
1756,10,Medium
1757,11,Medium
1758,12,Medium
1759,10,Medium
1760,11,Medium
1761,9,Medium
1762,11,Medium
1763,11,Medium
1764,9,Medium
1765,12,Medium
1766,11,Medium
1767,10,Medium
1768,10,Medium
1769,10,Medium
1770,10,Medium
1771,9,Medium
1772,9,Medium
1773,10,Medium
1774,10,Medium
1775,9,Medium
1776,11,Medium
1777,10,Medium
1778,11,Medium
1779,10,Medium
1780,10,Medium
1781,10,Medium
1782,10,Medium
1783,10,Medium
1784,10,Medium
1785,11,Medium
1786,11,Medium
1787,13,High
1788,12,Medium
1789,12,Medium
1790,11,Medium
1791,9,Medium
1792,9,Medium
1793,9,Medium
1794,9,Medium
1795,10,Medium
1796,9,Medium
1797,9,Medium
1798,8,Medium
1799,9,Medium
1800,9,Medium
1801,9,Medium
1802,11,Medium
1803,11,Medium
1804,12,Medium
1805,12,Medium
1806,11,Medium
1807,11,Medium
1808,11,Medium
1809,10,Medium
1810,11,Medium
1811,8,Medium
1812,10,Medium
1813,8,Medium
1814,9,Medium
1815,10,Medium
1816,10,Medium
1817,10,Medium
1818,11,Medium
1819,11,Medium
1820,10,Medium
1821,10,Medium
1822,10,Medium
1823,11,Medium
1824,12,Medium
1825,12,Medium
1826,13,High
1827,13,High
1828,11,Medium
1829,10,Medium
1830,7,Medium
1831,7,Medium
1832,9,Medium
1833,9,Medium
1834,8,Medium
1835,6,Medium
1836,11,Medium
1837,10,Medium
1838,8,Medium
1839,10,Medium
1840,10,Medium
1841,10,Medium
1842,10,Medium
1843,9,Medium
1844,7,Medium
1845,7,Medium
1846,7,Medium
1847,8,Medium
1848,10,Medium
1849,13,High
1850,10,Medium
1851,9,Medium
1852,8,Medium
1853,8,Medium
1854,10,Medium
1855,11,Medium
1856,10,Medium
1857,9,Medium
1858,11,Medium
1859,9,Medium
1860,10,Medium
1861,9,Medium
1862,11,Medium
1863,9,Medium
1864,10,Medium
1865,9,Medium
1866,9,Medium
1867,9,Medium
1868,8,Medium
1869,8,Medium
1870,8,Medium
1871,7,Medium
1872,8,Medium
1873,7,Medium
1874,7,Medium
1875,8,Medium
1876,9,Medium
1877,9,Medium
1878,9,Medium
1879,8,Medium
1880,7,Medium
1881,7,Medium
1882,8,Medium
1883,10,Medium
1884,10,Medium
1885,10,Medium
1886,9,Medium
1887,8,Medium
1888,8,Medium
1889,7,Medium
1890,7,Medium
1891,7,Medium
1892,5,Low
1893,6,Medium
1894,7,Medium
1895,6,Medium
1896,6,Medium
1897,6,Medium
1898,6,Medium
1899,6,Medium
1900,5,Low
1901,5,Low
1902,6,Medium
1903,6,Medium
1904,7,Medium
1905,8,Medium
1906,9,Medium
1907,8,Medium
1908,7,Medium
1909,9,Medium
1910,8,Medium
1911,9,Medium
1912,7,Medium
1913,7,Medium
1914,8,Medium
1915,8,Medium
1916,7,Medium
1917,10,Medium
1918,9,Medium
1919,6,Medium
1920,7,Medium
1921,6,Medium
1922,6,Medium
1923,7,Medium
1924,8,Medium
1925,9,Medium
1926,11,Medium
1927,10,Medium
1928,7,Medium
1929,6,Medium
1930,7,Medium
1931,9,Medium
1932,10,Medium
1933,10,Medium
1934,10,Medium
1935,11,Medium
1936,9,Medium
1937,7,Medium
1938,9,Medium
1939,11,Medium
1940,8,Medium
1941,8,Medium
1942,9,Medium
1943,7,Medium
1944,7,Medium
1945,8,Medium
1946,9,Medium
1947,8,Medium
1948,9,Medium
1949,6,Medium
1950,6,Medium
1951,6,Medium
1952,6,Medium
1953,6,Medium
1954,7,Medium
1955,7,Medium
1956,6,Medium
1957,7,Medium
1958,9,Medium
1959,7,Medium
1960,8,Medium
1961,8,Medium
1962,7,Medium
1963,7,Medium
1964,8,Medium
1965,8,Medium
1966,7,Medium
1967,8,Medium
1968,9,Medium
1969,9,Medium
1970,10,Medium
1971,8,Medium
1972,9,Medium
1973,9,Medium
1974,8,Medium
1975,7,Medium
1976,7,Medium
1977,8,Medium
1978,9,Medium
1979,9,Medium
1980,8,Medium
1981,8,Medium
1982,9,Medium
1983,9,Medium
1984,6,Medium
1985,6,Medium
1986,5,Low
1987,6,Medium
1988,6,Medium
1989,7,Medium
1990,6,Medium
1991,6,Medium
1992,7,Medium
1993,7,Medium
1994,6,Medium
1995,7,Medium
1996,8,Medium
1997,9,Medium
1998,9,Medium
1999,9,Medium
2000,8,Medium
2001,9,Medium
2002,9,Medium
2003,9,Medium
2004,11,Medium
2005,10,Medium
2006,11,Medium
2007,8,Medium
2008,9,Medium
2009,9,Medium
2010,9,Medium
2011,9,Medium
2012,9,Medium
2013,10,Medium
2014,10,Medium
2015,10,Medium
2016,11,Medium
2017,11,Medium
2018,10,Medium
2019,11,Medium
2020,11,Medium
2021,8,Medium
2022,8,Medium
2023,9,Medium
2024,11,Medium
2025,9,Medium
2026,9,Medium
2027,9,Medium
2028,10,Medium
2029,11,Medium
2030,11,Medium
2031,10,Medium
2032,10,Medium
2033,9,Medium
2034,10,Medium
2035,9,Medium
2036,9,Medium
2037,10,Medium
2038,10,Medium
2039,10,Medium
2040,11,Medium
2041,10,Medium
2042,10,Medium
2043,9,Medium
2044,8,Medium
2045,8,Medium
2046,9,Medium
2047,10,Medium
2048,11,Medium
2049,13,High
2050,13,High
2051,12,Medium
2052,11,Medium
2053,11,Medium
2054,10,Medium
2055,10,Medium
2056,10,Medium
2057,8,Medium
2058,11,Medium
2059,9,Medium
2060,10,Medium
2061,10,Medium
2062,11,Medium
2063,8,Medium
2064,10,Medium
2065,9,Medium
2066,10,Medium
2067,11,Medium
2068,11,Medium
2069,11,Medium
2070,11,Medium
2071,11,Medium
2072,10,Medium
2073,9,Medium
2074,9,Medium
2075,10,Medium
2076,10,Medium
2077,9,Medium
2078,10,Medium
2079,9,Medium
2080,10,Medium
2081,8,Medium
2082,9,Medium
2083,9,Medium
2084,11,Medium
2085,11,Medium
2086,9,Medium
2087,9,Medium
2088,8,Medium
2089,8,Medium
2090,9,Medium
2091,9,Medium
2092,9,Medium
2093,9,Medium
2094,9,Medium
2095,10,Medium
2096,10,Medium
2097,7,Medium
2098,8,Medium
2099,8,Medium
2100,9,Medium
2101,10,Medium
2102,11,Medium
2103,10,Medium
2104,10,Medium
2105,10,Medium
2106,9,Medium
2107,10,Medium
2108,10,Medium
2109,9,Medium
2110,10,Medium
2111,10,Medium
2112,10,Medium
2113,9,Medium
2114,9,Medium
2115,9,Medium
2116,9,Medium
2117,8,Medium
2118,8,Medium
2119,9,Medium
2120,9,Medium
2121,10,Medium
2122,11,Medium
2123,11,Medium
2124,10,Medium
2125,9,Medium
2126,10,Medium
2127,9,Medium
2128,9,Medium
2129,9,Medium
2130,8,Medium
2131,7,Medium
2132,10,Medium
2133,10,Medium
2134,10,Medium
2135,11,Medium
2136,11,Medium
2137,10,Medium
2138,10,Medium
2139,9,Medium
2140,9,Medium
2141,10,Medium
2142,10,Medium
2143,9,Medium
2144,9,Medium
2145,9,Medium
2146,9,Medium
2147,9,Medium
2148,8,Medium
2149,9,Medium
2150,9,Medium
2151,8,Medium
2152,9,Medium
2153,9,Medium
2154,9,Medium
2155,10,Medium
2156,10,Medium
2157,10,Medium
2158,10,Medium
2159,11,Medium
2160,10,Medium
2161,9,Medium
2162,9,Medium
2163,8,Medium
2164,9,Medium
2165,8,Medium
2166,9,Medium
2167,7,Medium
2168,7,Medium
2169,8,Medium
2170,9,Medium
2171,9,Medium
2172,9,Medium
2173,9,Medium
2174,10,Medium
2175,9,Medium
2176,9,Medium
2177,9,Medium
2178,9,Medium
2179,9,Medium
2180,9,Medium
2181,9,Medium
2182,9,Medium
2183,9,Medium
2184,10,Medium
2185,10,Medium
2186,10,Medium
2187,10,Medium
2188,10,Medium
2189,9,Medium
2190,9,Medium
2191,9,Medium
2192,9,Medium
2193,8,Medium
2194,9,Medium
2195,9,Medium
2196,8,Medium
2197,7,Medium
2198,8,Medium
2199,7,Medium
2200,8,Medium
2201,8,Medium
2202,8,Medium
2203,8,Medium
2204,9,Medium
2205,9,Medium
2206,9,Medium
2207,9,Medium
2208,10,Medium
2209,11,Medium
2210,10,Medium
2211,6,Medium
2212,8,Medium
2213,9,Medium
2214,8,Medium
2215,10,Medium
2216,9,Medium
2217,9,Medium
2218,10,Medium
2219,10,Medium
2220,11,Medium
2221,9,Medium
2222,11,Medium
2223,10,Medium
2224,10,Medium
2225,10,Medium
2226,10,Medium
2227,12,Medium
2228,12,Medium
2229,12,Medium
2230,12,Medium
2231,11,Medium
2232,11,Medium
2233,11,Medium
2234,12,Medium
2235,12,Medium
2236,12,Medium
2237,11,Medium
2238,11,Medium
2239,12,Medium
2240,11,Medium
2241,11,Medium
2242,11,Medium
2243,11,Medium
2244,10,Medium
2245,10,Medium
2246,10,Medium
2247,9,Medium
2248,8,Medium
2249,9,Medium
2250,9,Medium
2251,8,Medium
2252,8,Medium
2253,7,Medium
2254,8,Medium
2255,9,Medium
2256,9,Medium
2257,9,Medium
2258,9,Medium
2259,10,Medium
2260,8,Medium
2261,8,Medium
2262,9,Medium
2263,8,Medium
2264,8,Medium
2265,9,Medium
2266,8,Medium
2267,8,Medium
2268,9,Medium
2269,9,Medium
2270,9,Medium
2271,8,Medium
2272,8,Medium
2273,10,Medium
2274,9,Medium
2275,9,Medium
2276,10,Medium
2277,10,Medium
2278,10,Medium
2279,10,Medium
2280,9,Medium
2281,10,Medium
2282,9,Medium
2283,9,Medium
2284,10,Medium
2285,10,Medium
2286,10,Medium
2287,10,Medium
2288,10,Medium
2289,10,Medium
2290,10,Medium
2291,10,Medium
2292,10,Medium
2293,10,Medium
2294,10,Medium
2295,10,Medium
2296,10,Medium
2297,10,Medium
2298,9,Medium
2299,10,Medium
2300,10,Medium
2301,9,Medium
2302,9,Medium
2303,9,Medium
2304,9,Medium
2305,9,Medium
2306,8,Medium
2307,9,Medium
2308,8,Medium
2309,8,Medium
2310,8,Medium
2311,10,Medium
2312,9,Medium
2313,9,Medium
2314,8,Medium
2315,8,Medium
2316,8,Medium
2317,8,Medium
2318,10,Medium
2319,10,Medium
2320,10,Medium
2321,10,Medium
2322,9,Medium
2323,8,Medium
2324,9,Medium
2325,9,Medium
2326,9,Medium
2327,9,Medium
2328,7,Medium
2329,8,Medium
2330,8,Medium
2331,9,Medium
2332,9,Medium
2333,9,Medium
2334,8,Medium
2335,8,Medium
2336,8,Medium
2337,9,Medium
2338,8,Medium
2339,9,Medium
2340,9,Medium
2341,8,Medium
2342,8,Medium
2343,8,Medium
2344,8,Medium
2345,8,Medium
2346,8,Medium
2347,8,Medium
2348,9,Medium
2349,9,Medium
2350,9,Medium
2351,9,Medium
2352,8,Medium
2353,8,Medium
2354,8,Medium
2355,7,Medium
2356,8,Medium
2357,8,Medium
2358,8,Medium
2359,8,Medium
2360,8,Medium
2361,9,Medium
2362,8,Medium
2363,8,Medium
2364,8,Medium
2365,8,Medium
2366,9,Medium
2367,8,Medium
2368,8,Medium
2369,7,Medium
2370,7,Medium
2371,8,Medium
2372,8,Medium
2373,8,Medium
2374,9,Medium
2375,7,Medium
2376,5,Low
2377,7,Medium
2378,7,Medium
2379,8,Medium
2380,9,Medium
2381,6,Medium
2382,6,Medium
2383,7,Medium
2384,7,Medium
2385,8,Medium
2386,7,Medium
2387,7,Medium
2388,8,Medium
2389,5,Low
2390,9,Medium
2391,7,Medium
2392,5,Low
2393,8,Medium
2394,9,Medium
2395,8,Medium
2396,8,Medium
2397,7,Medium
2398,5,Low
2399,7,Medium
2400,9,Medium
2401,9,Medium
2402,9,Medium
2403,8,Medium
2404,7,Medium
2405,8,Medium
2406,9,Medium
2407,10,Medium
2408,9,Medium
2409,8,Medium
2410,9,Medium
2411,11,Medium
2412,11,Medium
2413,11,Medium
2414,9,Medium
2415,9,Medium
2416,9,Medium
2417,8,Medium
2418,10,Medium
2419,10,Medium
2420,9,Medium
2421,7,Medium
2422,7,Medium
2423,6,Medium
2424,7,Medium
2425,7,Medium
2426,7,Medium
2427,7,Medium
2428,7,Medium
2429,7,Medium
2430,8,Medium
2431,7,Medium
2432,7,Medium
2433,7,Medium
2434,9,Medium
2435,9,Medium
2436,9,Medium
2437,8,Medium
2438,10,Medium
2439,10,Medium
2440,9,Medium
2441,9,Medium
2442,9,Medium
2443,9,Medium
2444,10,Medium
2445,9,Medium
2446,9,Medium
2447,11,Medium
2448,10,Medium
2449,10,Medium
2450,9,Medium
2451,9,Medium
2452,9,Medium
2453,9,Medium
2454,9,Medium
2455,9,Medium
2456,11,Medium
2457,8,Medium
2458,8,Medium
2459,10,Medium
2460,9,Medium
2461,9,Medium
2462,11,Medium
2463,11,Medium
2464,11,Medium
2465,10,Medium
2466,9,Medium
2467,9,Medium
2468,9,Medium
2469,9,Medium
2470,9,Medium
2471,9,Medium
2472,8,Medium
2473,8,Medium
2474,7,Medium
2475,10,Medium
2476,10,Medium
2477,9,Medium
2478,10,Medium
2479,10,Medium
2480,10,Medium
2481,9,Medium
2482,9,Medium
2483,10,Medium
2484,9,Medium
2485,9,Medium
2486,10,Medium
2487,11,Medium
2488,10,Medium
2489,11,Medium
2490,10,Medium
2491,9,Medium
2492,10,Medium
2493,11,Medium
2494,14,High
2495,13,High
2496,12,Medium
2497,11,Medium
2498,12,Medium
2499,12,Medium
2500,11,Medium
2501,12,Medium
2502,12,Medium
2503,11,Medium
2504,10,Medium
2505,11,Medium
2506,9,Medium
2507,10,Medium
2508,9,Medium
2509,10,Medium
2510,11,Medium
2511,11,Medium
2512,10,Medium
2513,9,Medium
2514,9,Medium
2515,9,Medium
2516,9,Medium
2517,9,Medium
2518,10,Medium
2519,10,Medium
2520,10,Medium
2521,10,Medium
2522,10,Medium
2523,9,Medium
2524,8,Medium
2525,9,Medium
2526,10,Medium
2527,10,Medium
2528,9,Medium
2529,10,Medium
2530,10,Medium
2531,7,Medium
2532,7,Medium
2533,9,Medium
2534,10,Medium
2535,8,Medium
2536,8,Medium
2537,9,Medium
2538,9,Medium
2539,7,Medium
2540,6,Medium
2541,8,Medium
2542,8,Medium
2543,7,Medium
2544,8,Medium
2545,8,Medium
2546,8,Medium
2547,8,Medium
2548,8,Medium
2549,8,Medium
2550,8,Medium
2551,8,Medium
2552,8,Medium
2553,8,Medium
2554,8,Medium
2555,8,Medium
2556,7,Medium
2557,9,Medium
2558,9,Medium
2559,8,Medium
2560,9,Medium
2561,10,Medium
2562,9,Medium
2563,9,Medium
2564,10,Medium
2565,10,Medium
2566,10,Medium
2567,10,Medium
2568,10,Medium
2569,10,Medium
2570,9,Medium
2571,9,Medium
2572,9,Medium
2573,8,Medium
2574,8,Medium
2575,9,Medium
2576,9,Medium
2577,8,Medium
2578,8,Medium
2579,8,Medium
2580,8,Medium
2581,8,Medium
2582,7,Medium
2583,7,Medium
2584,7,Medium
2585,8,Medium
2586,8,Medium
2587,8,Medium
2588,8,Medium
2589,8,Medium
2590,7,Medium
2591,8,Medium
2592,9,Medium
2593,8,Medium
2594,7,Medium
2595,8,Medium
2596,9,Medium
2597,8,Medium
2598,8,Medium
2599,10,Medium
2600,8,Medium
2601,9,Medium
2602,9,Medium
2603,10,Medium
2604,11,Medium
2605,11,Medium
2606,11,Medium
2607,12,Medium
2608,11,Medium
2609,10,Medium
2610,8,Medium
2611,9,Medium
2612,10,Medium
2613,8,Medium
2614,9,Medium
2615,8,Medium
2616,9,Medium
2617,9,Medium
2618,10,Medium
2619,11,Medium
2620,10,Medium
2621,11,Medium
2622,9,Medium
2623,8,Medium
2624,8,Medium
2625,8,Medium
2626,9,Medium
2627,8,Medium
2628,8,Medium
2629,8,Medium
2630,9,Medium
2631,9,Medium
2632,9,Medium
2633,10,Medium
2634,11,Medium
2635,12,Medium
2636,10,Medium
2637,10,Medium
2638,9,Medium
2639,9,Medium
2640,9,Medium
2641,9,Medium
2642,10,Medium
2643,10,Medium
2644,10,Medium
2645,10,Medium
2646,9,Medium
2647,9,Medium
2648,9,Medium
2649,9,Medium
2650,9,Medium
2651,9,Medium
2652,9,Medium
2653,9,Medium
2654,9,Medium
2655,9,Medium
2656,9,Medium
2657,9,Medium
2658,9,Medium
2659,10,Medium
2660,10,Medium
2661,10,Medium
2662,9,Medium
2663,9,Medium
2664,10,Medium
2665,10,Medium
2666,10,Medium
2667,10,Medium
2668,11,Medium
2669,10,Medium
2670,10,Medium
2671,10,Medium
2672,11,Medium
2673,10,Medium
2674,9,Medium
2675,10,Medium
2676,11,Medium
2677,11,Medium
2678,11,Medium
2679,10,Medium
2680,11,Medium
2681,9,Medium
2682,9,Medium
2683,9,Medium
2684,9,Medium
2685,9,Medium
2686,9,Medium
2687,9,Medium
2688,11,Medium
2689,11,Medium
2690,11,Medium
2691,11,Medium
2692,11,Medium
2693,11,Medium
2694,11,Medium
2695,10,Medium
2696,10,Medium
2697,10,Medium
2698,9,Medium
2699,11,Medium
2700,11,Medium
2701,11,Medium
2702,9,Medium
2703,10,Medium
2704,9,Medium
2705,10,Medium
2706,11,Medium
2707,10,Medium
2708,10,Medium
2709,8,Medium
2710,10,Medium
2711,10,Medium
2712,9,Medium
2713,9,Medium
2714,10,Medium
2715,9,Medium
2716,9,Medium
2717,9,Medium
2718,11,Medium
2719,8,Medium
2720,8,Medium
2721,9,Medium
2722,10,Medium
2723,10,Medium
2724,10,Medium
2725,11,Medium
2726,9,Medium
2727,10,Medium
2728,11,Medium
2729,11,Medium
2730,11,Medium
2731,12,Medium
2732,10,Medium
2733,10,Medium
2734,9,Medium
2735,9,Medium
2736,9,Medium
2737,10,Medium
2738,11,Medium
2739,10,Medium
2740,12,Medium
2741,9,Medium
2742,10,Medium
2743,8,Medium
2744,10,Medium
2745,11,Medium
2746,9,Medium
2747,10,Medium
2748,9,Medium
2749,9,Medium
2750,8,Medium
2751,10,Medium
2752,9,Medium
2753,9,Medium
2754,8,Medium
2755,11,Medium
2756,10,Medium
2757,9,Medium
2758,9,Medium
2759,10,Medium
2760,8,Medium
2761,9,Medium
2762,10,Medium
2763,10,Medium
2764,10,Medium
2765,11,Medium
2766,11,Medium
2767,11,Medium
2768,10,Medium
2769,10,Medium
2770,9,Medium
2771,10,Medium
2772,9,Medium
2773,9,Medium
2774,10,Medium
2775,10,Medium
2776,9,Medium
2777,10,Medium
2778,8,Medium
2779,9,Medium
2780,9,Medium
2781,9,Medium
2782,8,Medium
2783,8,Medium
2784,10,Medium
2785,9,Medium
2786,9,Medium
2787,9,Medium
2788,8,Medium
2789,8,Medium
2790,8,Medium
2791,9,Medium
2792,9,Medium
2793,9,Medium
2794,9,Medium
2795,10,Medium
2796,10,Medium
2797,10,Medium
2798,10,Medium
2799,9,Medium
2800,9,Medium
2801,9,Medium
2802,9,Medium
2803,10,Medium
2804,9,Medium
2805,9,Medium
2806,9,Medium
2807,9,Medium
2808,10,Medium
2809,10,Medium
2810,10,Medium
2811,10,Medium
2812,10,Medium
2813,9,Medium
2814,9,Medium
2815,9,Medium
2816,9,Medium
2817,9,Medium
2818,9,Medium
2819,9,Medium
2820,9,Medium
2821,9,Medium
2822,9,Medium
2823,8,Medium
2824,8,Medium
2825,8,Medium
2826,7,Medium
2827,7,Medium
2828,7,Medium
2829,5,Low
2830,5,Low
2831,5,Low
2832,5,Low
2833,5,Low
2834,5,Low
2835,5,Low
2836,5,Low
2837,5,Low
2838,6,Medium
2839,6,Medium
2840,6,Medium
2841,7,Medium
2842,6,Medium
2843,6,Medium
2844,5,Low
2845,5,Low
2846,5,Low
2847,4,Low
2848,5,Low
2849,5,Low
2850,4,Low
2851,5,Low
2852,6,Medium
2853,6,Medium
2854,4,Low
2855,5,Low
2856,5,Low
2857,5,Low
2858,4,Low
2859,5,Low
2860,6,Medium
2861,5,Low
2862,5,Low
2863,4,Low
2864,5,Low
2865,3,Low
2866,3,Low
2867,4,Low
2868,5,Low
2869,6,Medium
2870,6,Medium
2871,6,Medium
2872,6,Medium
2873,6,Medium
2874,6,Medium
2875,6,Medium
2876,6,Medium
2877,5,Low
2878,7,Medium
2879,9,Medium
2880,11,Medium
2881,11,Medium
2882,12,Medium
2883,11,Medium
2884,10,Medium
2885,8,Medium
2886,8,Medium
2887,9,Medium
2888,10,Medium
2889,10,Medium
2890,9,Medium
2891,9,Medium
2892,10,Medium
2893,11,Medium
2894,11,Medium
2895,10,Medium
2896,9,Medium
2897,10,Medium
2898,9,Medium
2899,10,Medium
2900,10,Medium
2901,9,Medium
2902,9,Medium
2903,8,Medium
2904,10,Medium
2905,10,Medium
2906,10,Medium
2907,10,Medium
2908,10,Medium
2909,10,Medium
2910,10,Medium
2911,10,Medium
2912,11,Medium
2913,12,Medium
2914,10,Medium
2915,10,Medium
2916,9,Medium
2917,10,Medium
2918,10,Medium
2919,10,Medium
2920,11,Medium
2921,10,Medium
2922,9,Medium
2923,9,Medium
2924,11,Medium
2925,8,Medium
2926,11,Medium
2927,11,Medium
2928,10,Medium
2929,10,Medium
2930,8,Medium
2931,7,Medium
2932,9,Medium
2933,9,Medium
2934,9,Medium
2935,11,Medium
2936,9,Medium
2937,11,Medium
2938,8,Medium
2939,11,Medium
2940,9,Medium
2941,8,Medium
2942,7,Medium
2943,7,Medium
2944,8,Medium
2945,9,Medium
2946,8,Medium
2947,8,Medium
2948,8,Medium
2949,9,Medium
2950,9,Medium
2951,8,Medium
2952,8,Medium
2953,9,Medium
2954,10,Medium
2955,10,Medium
2956,9,Medium
2957,8,Medium
2958,7,Medium
2959,9,Medium
2960,9,Medium
2961,9,Medium
2962,8,Medium
2963,7,Medium
2964,6,Medium
2965,6,Medium
2966,9,Medium
2967,9,Medium
2968,8,Medium
2969,10,Medium
2970,9,Medium
2971,9,Medium
2972,10,Medium
2973,9,Medium
2974,8,Medium
2975,10,Medium
2976,10,Medium
2977,11,Medium
2978,11,Medium
2979,11,Medium
2980,12,Medium
2981,10,Medium
2982,8,Medium
2983,9,Medium
2984,11,Medium
2985,9,Medium
2986,9,Medium
2987,10,Medium
2988,9,Medium
2989,12,Medium
2990,10,Medium
2991,10,Medium
2992,13,High
2993,13,High
2994,9,Medium
2995,9,Medium
2996,11,Medium
2997,10,Medium
2998,10,Medium
2999,9,Medium
3000,9,Medium
3001,11,Medium
3002,10,Medium
3003,10,Medium
3004,11,Medium
3005,11,Medium
3006,11,Medium
3007,12,Medium
3008,13,High
3009,14,High
3010,14,High
3011,13,High
3012,13,High
3013,13,High
3014,15,High
3015,14,High
3016,14,High
3017,15,High
3018,14,High
3019,15,High
3020,15,High
3021,15,High
3022,13,High
3023,13,High
3024,13,High
3025,15,High
3026,14,High
3027,15,High
3028,15,High
3029,14,High
3030,15,High
3031,15,High
3032,14,High
3033,13,High
3034,13,High
3035,14,High
3036,14,High
3037,14,High
3038,14,High
3039,14,High
3040,14,High
3041,13,High
3042,14,High
3043,14,High
3044,13,High
3045,13,High
3046,13,High
3047,13,High
3048,15,High
3049,15,High
3050,14,High
3051,14,High
3052,13,High
3053,13,High
3054,13,High
3055,13,High
3056,13,High
3057,13,High
3058,12,Medium
3059,13,High
3060,14,High
3061,12,Medium
3062,12,Medium
3063,12,Medium
3064,13,High
3065,13,High
3066,13,High
3067,12,Medium
3068,10,Medium
3069,10,Medium
3070,13,High
3071,15,High
3072,14,High
3073,15,High
3074,15,High
3075,15,High
3076,17,High
3077,15,High
3078,14,High
3079,15,High
3080,14,High
3081,14,High
3082,14,High
3083,15,High
3084,15,High
3085,15,High
3086,14,High
3087,14,High
3088,15,High
3089,15,High
3090,14,High
3091,13,High
3092,14,High
3093,14,High
3094,13,High
3095,14,High
3096,13,High
3097,14,High
3098,14,High
3099,15,High
3100,15,High
3101,14,High
3102,15,High
3103,14,High
3104,14,High
3105,14,High
3106,13,High
3107,14,High
3108,11,Medium
3109,12,Medium
3110,12,Medium
3111,13,High
3112,13,High
3113,14,High
3114,13,High
3115,13,High
3116,13,High
3117,13,High
3118,13,High
3119,13,High
3120,12,Medium
3121,14,High
3122,14,High
3123,14,High
3124,15,High
3125,15,High
3126,16,High
3127,16,High
3128,17,High
3129,15,High
3130,16,High
3131,16,High
3132,15,High
3133,15,High
3134,14,High
3135,13,High
3136,13,High
3137,13,High
3138,13,High
